composer,file,duration,tempo,n_instruments
bach,Bwv0967 Sonata.mid,282.7747395833333,222.46476141213054,12
bach,Bwv0811 English Suite n6 8mov.mid,223.90011195,179.89827255792278,2
bach,Bwv0528 Sonate en trio n4.mid,628.2801137838542,169.69099065512862,3
bach,Piano version of Bachs two part inventions No.2.mid,81.51567569999995,162.0756828552642,3
bach,Bwv0937 Little Prelude n5.mid,99.89583333333334,191.57522123893807,2
bach,Bwv0997 Partita for Lute 3mov.mid,230.4,168.25396825396825,5
bach,"Prelude and Fugue in A, BWV 888.mid",126.725,243.41854542024362,3
bach,Bwv1014 Harpsicord and Violin Sonata 2mov.mid,188.50365787500016,197.00859059130798,5
bach,Bwv0532 Toccata and Fugue.mid,704.7157923333332,176.42861623895686,37
bach,Bwv0535 Prelude and Fugue.mid,412.77038899999997,214.46493660223797,3
bach,Bwv0806 English Suite n1 09mov .mid,86.34,199.99999999999994,2
bach,Bwv0565 Toccata and Fugue In Dm B.mid,541.9883723999999,173.2372500423958,3
bach,Bwv0938 Little Prelude n6.mid,96.21996000000001,186.9229834615852,2
bach,Bwv0551 Prelude and Fugue.mid,302.15439999999995,263.4329352392817,3
bach,Bwv0934 Little Prelude n2.mid,114.20623499999999,250.9589286448792,2
bach,Bwv0996 Suite for Lute.mid,945.7141708270833,135.77835377733254,6
bach,Bwv0806 English Suite n1 10mov .mid,145.33342779999998,198.12953722758863,2
bach,Bwv0963 Sonata.mid,515.6627604166666,218.6893114269885,12
bach,Bwv0998 Prelude Fugue Allegro for Lute 3mov.mid,93.0,199.9999999999996,3
bach,Bwv0997 Partita for Lute 2mov.mid,283.2,200.06756756756735,4
bach,Bwv0811 English Suite n6 7mov.mid,71.85000000000001,160.0,2
bach,Bwv0561 Fantasie and Fuga.mid,559.4458800000001,194.97740735424313,3
bach,Bwv1046 aSinfonia h.mid,191.12212762500002,262.6436926167726,13
bach,Bwv0817 French Suite n6.mid,992.4809029479169,199.30773930473612,4
bach,Bwv0565 Toccata and Fugue In Dm A.mid,144.579400875,214.9502350186583,5
bach,Piano version of Bachs two part inventions No.5.mid,127.34554316666672,276.2032644713143,3
bach,Piano version of Bachs two part inventions No.12.mid,100.49396245833337,163.7926992117908,3
bach,Bwv0806 English Suite n1 05mov.mid,120.2500962,281.6848244860269,2
bach,Bwv0998 Prelude Fugue Allegro for Lute 1mov.mid,159.4505486916666,219.88416882831254,3
bach,Bwv0997 Partita for Lute 1mov.mid,166.0,160.26490066225156,2
bach,Prelude and Fugue in C Sharp BWV 872.mid,194.88333333333333,189.67587552412888,3
bach,Bwv0549 Prelude and Fugue.mid,315.35542890000005,199.9492212661879,3
bach,Bwv0811 English Suite n6 5mov.mid,107.90625,160.0,2
bach,Bwv0570 Fantasia.mid,201.59,182.3361823361823,7
bach,Bwv0552 Prelude and Fugue ''St. Anne''.mid,876.7354254499999,174.65918026647248,3
bach,"Tocatto No.1 in F Sharp Minor, BWV 910.mid",539.3243793567708,175.16649608544358,12
bach,Bwv0539 Prelude and Fugue.mid,370.25477800000004,182.90818828104125,4
bach,Bwv0806 English Suite n1 08mov .mid,115.14,200.63492063492035,2
bach,Bwv0543 Prelude and Fugue.mid,642.4632481166667,248.4090943003986,3
bach,Bwv802 Four Inventions (Duettos) Clavier-Übung III n1.mid,119.59594933333335,219.80332631873313,2
bach,AveMaria.mid,82.0,240.0,3
bach,Bwv0563 Fantasie con imitation.mid,242.55166,160.53349988415295,3
bach,Bwv0806 English Suite n1 01mov .mid,91.84151399999999,291.7381933198312,2
bach,Bwv1005 Violin Sonata n3 2mov Fugue.mid,609.6472340000001,209.2309784617477,4
bach,Bwv0533 Prelude and Fugue.mid,273.0524400000001,168.33546236243092,3
bach,Bwv0997 Partita for Lute 4mov.mid,174.61818200000002,197.8678038379526,2
bach,Bwv0566 Prelude and Fugue.mid,618.1580600000001,160.8279604730796,3
bach,Piano version of Bachs two part inventions No.11.mid,90.49669558333325,278.40073036087693,3
bach,Piano version of Bachs two part inventions No.13.mid,75.15462047499999,179.72337567341833,3
bach,Bwv0556 Short Prelude and Fugue n4 (Spurious).mid,193.32093999999998,181.3904450978151,3
bach,Bwv1005 Violin Sonata n3 4mov Allegro.mid,299.06580400000007,245.79425293270762,1
bach,"Clavierubung Part 111,Duet No.2 in F Major.mid",163.297104,218.13541270189248,2
bach,Bwv0806 English Suite n1 03mov .mid,100.2917469,272.67678227750986,2
bach,Bwv0560 Short Prelude and Fugue n8 (Spurious).mid,241.09722,154.33332232773571,3
bach,Bwv0811 English Suite n6 4mov.mid,136.76176800000002,152.52646831594174,2
bach,Bwv0546 Prelude and Fugue.mid,745.1652000000001,246.25040091985656,3
bach,Piano version of Bachs two part inventions No.15.mid,55.465406541666674,199.34077895953544,3
bach,Bwv0935 Little Prelude n3.mid,87.26647086458333,197.9998713000834,2
bach,Bwv0992 Capriccio.mid,494.21875,179.99600959470786,12
bach,Bwv0559 Short Prelude and Fugue n7 (Spurious).mid,234.990435,152.078089646161,3
bach,Bwv0555 Short Prelude and Fugue n3 (Spurious).mid,222.43489999999997,122.44740356426301,3
bach,Bwv0806 English Suite n1 04mov .mid,120.2500962,251.04664233987572,2
bach,Bwv0806 English Suite n1 07mov .mid,191.875,178.53658536585365,2
bach,Piano version of Bachs two part inventions No...mid,69.8118612083333,162.15101727440543,3
bach,Bwv0582 Passacaglia and Fugue (Orchestral).mid,857.3759290000002,260.79834834374634,18
bach,Bwv0554 Short Prelude and Fugue n2 (Spurious).mid,206.89655999999997,215.93902975954956,3
bach,Bwv0998 Prelude Fugue Allegro for Lute 2mov.mid,357.214344,225.0351737617436,4
bach,Bwv0550 Prelude and Fugue.mid,431.25641999999993,265.5252124859897,3
bach,Bwv0582 Passacaglia and Fugue.mid,732.4321007812501,202.91491675378464,3
bach,Piano version of Bachs two part inventions No.4.mid,63.06017306666667,153.31405971184043,3
bach,Piano version of Bachs two part inventions No.1.mid,80.16063354166667,180.17685918468948,3
bach,Bwv0806 English Suite n1 02mov .mid,213.20824804999998,286.7544399612905,2
bach,Bwv0811 English Suite n6 2mov.mid,160.31898745,283.82985972545487,2
bach,Bwv0572 Fantasia.mid,982.8655664499959,187.3182013551207,5
bach,Bwv0547 Prelude and Fugue.mid,601.4140383333333,248.29868948827135,3
bach,Bwv0568 Prelude.mid,163.9985946,166.05838713917154,4
bach,Bwv0811 English Suite n6 6mov.mid,95.85000000000001,158.32635983263597,2
bach,Bwv0590 Pastorale.mid,704.54571,195.0164844676313,3
bach,Bwv0531 Prelude and Fugue.mid,378.6899699999999,152.00070933664358,3
bach,Bwv0530 Sonate en trio n6.mid,996.2016920000002,219.9306552618468,3
bach,Bwv1014 Harpsicord and Violin Sonata 3mov.mid,195.30144532291695,154.4572315190483,4
bach,Bwv0811 English Suite n6 3mov.mid,143.6625,160.15888778550152,2
bach,Minuet in G.mid,42.10928123333331,180.27281750721815,2
bach,Bwv0541 Prelude and Fugue.mid,440.0504918833333,160.9594526455244,3
bach,Prelude from Sonata n6.mid,204.94810268749993,247.71612110437366,18
bach,Bwv0540 Toccata and Fugue.mid,908.37722,242.30080044657055,3
bach,Bwv0542 Fantasia and Fugue.mid,694.1035499999999,168.54995817127647,3
bach,Piano version of Bachs two part inventions No.14.mid,110.623284325,179.6593117817072,3
bach,Bwv0536 Prelude and Fugue.mid,418.7060333333333,209.5538908578817,3
bach,Bwv0529 Sonate en trio n5.mid,919.469837,239.58100216366537,3
bach,Bwv1014 Harpsicord and Violin Sonata 4mov.mid,222.7449128958333,205.5730312625534,4
bach,Jesu Joy of Man Desiring.mid,199.410065,212.72748545475895,11
bach,Bwv1005 Violin Sonata n3 3mov Largo.mid,148.23530399999999,128.3018782389943,4
bach,Bwv0538 Toccata and Fugue ''Dorian''.mid,770.9061599999998,238.71085877123497,3
bach,Bwv0936 Little Prelude n4.mid,130.79541966666665,175.41141801383628,3
bach,Bwv0537 Fantasia and Fugue.mid,488.41839177083335,287.30434491956964,3
bach,Bwv0806 English Suite n1 06mov .mid,120.2500962,283.9650830347375,2
bach,Bwv0525 Sonate en trio n1.mid,851.9745114458334,185.8989271063058,3
bach,Bwv0816 French Suite n5.mid,1179.4193244635417,237.6854599406532,4
bach,Bwv0733 Fuga Sopra Magnificat.mid,214.8333088,151.99993920002433,3
bach,Bwv0526 Sonate en trio n2.mid,760.3109953125,245.86969660947997,3
bach,Bwv1014 Harpsicord and Violin Sonata 1mov.mid,267.52105724999984,101.36800212576503,5
bach,Bwv0558 Short Prelude and Fugue n6 (Spurious).mid,333.90244,160.02225613245278,3
bach,Bwv0557 Short Prelude and Fugue n5 (Spurious).mid,201.83145,149.4047717653057,3
bach,Bwv0933 Little Prelude n1.mid,87.15906766666666,175.26364506333178,2
bach,Piano version of Bachs two part inventions No.10.mid,72.73626316666665,240.2984727565276,3
bach,Bwv0527 Sonate en trio n3.mid,920.4313863333334,205.91974998940066,3
bach,Bwv0594 Vivaldi Concerto Arrangement RV208.mid,1121.86851,208.62460069777055,3
bach,Bwv0815 French Suite n4.mid,1152.9052744427067,177.31059494836924,4
bach,Piano version of Bachs two part inventions No.6.mid,223.55729879999996,203.72040655940705,3
bach,"Toccata and Fugue in D minor, BWV 565. (Busoni Piano Arr.mid",449.36145425000007,198.98571097933763,2
bach,Bwv0997 Partita for Lute 5mov.mid,174.2536365,199.64973730297712,2
bach,Piano version of Bachs two part inventions No.7.mid,70.5977895416667,160.5351170568562,3
bach,Bwv0811 English Suite n6 1mov.mid,474.06662399999993,227.99990880003557,2
bach,Piano version of Bachs two part inventions No.8.mid,61.195625758333335,199.7009171928176,3
bach,Bwv0593 Vivaldi Concerto Arrangement RV522.mid,682.36757,164.09399629145423,3
bach,Bwv0544 Prelude and Fugue.mid,747.7276570833334,265.00228743332906,3
bach,Bwv1005 Violin Sonata n3 1mov Adagio.mid,188.86482,124.89799040817103,4
bach,Prelude and Fugue in D.mid,163.60625,170.8169014084506,3
bach,Bwv0906 Fantasia and Fugue.mid,458.60107404166666,198.67592834184083,2
bach,Piano version of Bachs two part inventions No.3.mid,69.8118612083333,162.15101727440543,3
bach,Piano version of Bachs two part inventions No.9.mid,70.7455465416666,180.34311783946444,3
beethoven,String Quartet n1 op18 1mov.mid,490.15844024999996,155.19324518428564,4
beethoven,Sketch for Piano Alla Marcia.mid,26.76769023333332,162.86074195377884,2
beethoven,Sketch for Piano Presto.mid,40.580336,161.17081766508647,2
beethoven,Sonata in Bflat Major Op.106.mid,149.49533091666686,208.9065291053657,2
beethoven,String Quartet n1 op18 2mov.mid,575.4806924999999,169.89792055095407,4
beethoven,String Quartet n16 op135 1mov.mid,362.539155109375,201.67892816228462,4
beethoven,String Quartet n16 op135 2mov.mid,258.40358775,247.1173642344817,4
beethoven,Sonatina op33 4mov.mid,172.0,220.12279163012158,1
beethoven,Piano Concerto n3 op37 1mov.mid,918.4963207999998,243.32940876743746,16
beethoven,Bagatella op33 n6.mid,134.029878,181.6282831177393,2
beethoven,Opus045 Three Grandes Marches.mid,623.4046450104149,218.94627128297896,5
beethoven,Hess057 Bagatella.mid,45.588212500000004,198.40009920004957,2
beethoven,op089 Polonaise.mid,330.8564958776043,197.63577684014152,2
beethoven,Piano Concerto n1 op15 3mov.mid,570.3535140000001,246.5597754195441,16
beethoven,String Quartet n16 op135 4mov.mid,685.6434316770839,225.20087217999338,4
beethoven,Hess059 Exercizio Per Pianoforte.mid,31.973697,151.24746425348968,2
beethoven,Lieder op48 n6 ''Busslied''.mid,260.5006142083333,191.81061938265447,3
beethoven,Rage over a lost pennny.mid,402.1281693,274.1312924647218,1
beethoven,Overture ''King Stephen''.mid,442.50637948333355,214.45786270501048,17
beethoven,"Sieben Bagatellen, in E flat Major, Opus.33, No.1.mid",204.80931900000002,194.43022223374396,2
beethoven,WoO054 Lustig Traurig.mid,67.72820586666667,195.70169290927004,2
beethoven,Sonatina In C.mid,539.9651212666666,177.73410283061372,1
beethoven,Piano Concerto n4 op58 2mov.mid,231.42530895833337,182.40866891834082,11
beethoven,Overture ''Leonore'' n2 op72.mid,784.8103089583313,214.87482265322845,27
beethoven,Piano Concerto n4 op58 1mov.mid,1045.9008861333334,198.5050608734644,16
beethoven,Hess073 Bagatella.mid,27.0000045,195.99996733333893,2
beethoven,"Piano Concerto No5,Mov.3.mid",601.9531908500007,244.893289578604,16
beethoven,Lieder op48 n2 ''Die Liebe Des Nachsten''.mid,54.923021999999996,260.00026000026,3
beethoven,Sonata No.14 Op 27 Sonata Quasi Una Fantasia.mid,169.95088900000002,136.30832887195706,2
beethoven,Bagatella op33 n4.mid,97.237998,202.42764306088876,2
beethoven,Rondo in B flat.mid,337.8222834895833,276.2236537358363,2
beethoven,String Quartet n2 op18 n2 2mov.mid,263.225908,201.56349578665785,4
beethoven,Piano Concerto n2 op19 1mov.mid,786.9069635333323,208.805102256168,10
beethoven,WoO052 Bagatella.mid,353.90372608333325,220.49997019438578,2
beethoven,Sonata Opus.81a -Les Adieux- E flat No.2 & 3.mid,548.5150619416661,163.83090747725427,1
beethoven,Fur Elise.mid,157.61258591666663,183.00530940491342,4
beethoven,Sonata op78 1st mov.mid,234.49040541666665,172.3836376430921,2
beethoven,Bagatella op33 n5.mid,143.08333333333331,193.57833655705974,2
beethoven,Overture ''Inauguration of the House'' op214.mid,641.7492816833335,271.10744042148093,19
beethoven,Piano Concerto n4 op58 3mov.mid,552.8420231250013,232.59611301607828,18
beethoven,Piano Concerto n5 op73 2-3mov ''Emperor''.mid,1108.8457434583347,235.63340931023924,21
beethoven,"Sieben Bagatellen, in D Major, Opus.33, No.6.mid",134.029878,181.6282831177393,2
beethoven,op051 3 Rondos.mid,1063.0281744145934,185.01366857698247,5
beethoven,Hess063 keyb Kaplied.mid,27.580054233333335,198.06326352847728,2
beethoven,Violin Concerto op61 2-3movs.mid,1029.5147300166661,240.80910271539938,23
beethoven,Anh08Nb1 Gavotte 4 hands.mid,167.17611335833334,188.6304200169305,4
beethoven,Minuetto.mid,54.32344691666667,167.42743889964035,2
beethoven,"Sieben Bagatellen, in A Major, Opus.33, No.4.mid",97.237998,202.42764306088876,2
beethoven,WoO048 Rondo.mid,142.22517051666665,209.15544882597672,2
beethoven,Overture ''Leonore'' n3 op72.mid,819.7730247916711,202.45137041550745,29
beethoven,March No.3.mid,624.746837497915,218.70080000320985,5
beethoven,Piano Sonata No2 Assai vivace.mid,150.84936554166683,210.81892350565604,2
beethoven,Sechs Variationen.mid,272.363364,218.85840373706813,2
beethoven,Lieder op48 n5 ''Gottes Macht Und Vorsehung''.mid,32.142825,122.50012250012249,3
beethoven,Romance piano.mid,529.7093981249994,198.12786122085643,2
beethoven,WoO086 Scotish.mid,30.072899374999988,150.98270064074174,2
beethoven,Sketch for Piano Allegro.mid,31.258079649999996,237.70208860995237,2
beethoven,Piano Romance  No.50.mid,530.3520566250003,198.12797123086082,2
beethoven,"Sieben Bagatellen, C Major, Opus.33, No.2.mid",202.08313125,201.65105135310412,2
beethoven,Lieder op82 n1 ''Dimmi Den Mio Che Mi Ami''.mid,107.65656478333331,212.82155499837697,3
beethoven,Andante in F Major.mid,250.5,161.1172363101802,2
beethoven,String Quartet n1 op18 3mov.mid,239.22,238.61062169645103,4
beethoven,Sonata Presto.mid,270.7,277.80218187746505,1
beethoven,Lieder op48 n3 ''Vom Tode''.mid,110.25,66.66666666666667,3
beethoven,Sonatina n1 op05.mid,212.44378970833333,218.8677971364086,2
beethoven,Lieder op48 n1 ''Bitten''.mid,112.65307999999999,92.76334331806878,3
beethoven,WoO056 Bagatella.mid,119.49309983333329,226.85258732211196,2
beethoven,Piano Concerto n5 op73 1mov ''Emperor''.mid,1225.9136724000002,220.44817065716185,19
beethoven,op126 Six Bagatellas.mid,908.273976968749,199.29654894694457,5
beethoven,Sonatina Fa maj woo.mid,308.7187413333334,215.2654151195036,2
beethoven,String Quartet n1 op18 4mov.mid,389.36473125,211.28590073437095,4
beethoven,WoO061 Mouvement Pour Piano.mid,106.65124431666659,125.71418095246835,2
beethoven,Preludes 2 Through Major keys 39.mid,617.5089010312494,131.24683284540697,4
beethoven,WoO010 Six Menuets for Orchestra.mid,607.1656526000002,194.25584478667025,2
beethoven,Hess061 Anglaise.mid,42.765966,187.99996240000743,2
beethoven,Op.51.mid,269.45,225.27330952994467,1
beethoven,Op33 No.4.mid,172.0,220.12279163012175,1
beethoven,WoO049 Rondo.mid,135.41671487499988,199.52978333182858,2
beethoven,Bagatella op33 n1.mid,204.80967741666666,194.4298819811104,2
beethoven,"Rondo Opus.51, No.2.mid",330.17782124999997,180.1079286201566,2
beethoven,Bagatella op33 n2.mid,202.08313125,201.65105135310412,2
beethoven,op077 Fantaisie.mid,504.79944980833307,185.90131197191695,5
beethoven,HessA21 Bagatella.mid,63.7219936,166.0319992003383,2
beethoven,Violin Concerto op61 1mov.mid,1318.2037809666679,205.04668624470372,18
beethoven,WoO081 Allemande.mid,72.9,198.9528795811519,2
beethoven,Hess074 Bagatella.mid,41.5232398,205.29434955843095,2
beethoven,WoO083 Six Escotish Dances for Piano.mid,245.09693605833334,169.05152942731615,2
beethoven,"Piano Sonata No.27,  3rd mov.mid",414.9311825000001,181.41357192572485,1
beethoven,Piano Sonatina No.2 Op 49.mid,270.7,277.80218187746505,1
beethoven,Piano Concerto n2 op19 3mov.mid,355.1120409999999,168.0934252751832,15
beethoven,WoO051 Sonatina 1-2 movs.mid,5032.305478291666,212.76854112695946,2
beethoven,Piano Sonatina in G Op79.mid,625.49375,191.02023459371395,2
beethoven,Piano Concerto n2 op19 2mov.mid,245.91768099999996,230.4862291000917,15
beethoven,Bagatella op33 n3.mid,99.575658,166.1872165469288,2
beethoven,String Quartet n2 op18 n2 3mov.mid,260.99993475,232.00005800001446,4
beethoven,Lieder op46 ''Adelaide''.mid,441.0016184833334,200.938707458403,3
beethoven,String Quartet n2 op18 n2 4mov.mid,323.15625,161.3613159387408,4
beethoven,Sonata No.14 Op 27 Moonlight Sonata.mid,347.11533599999996,149.058292114932,2
beethoven,Piano Concerto n3 op37 3mov.mid,455.68217164166697,229.52914660274087,18
beethoven,WoO060 Mouvement Pour Piano.mid,55.65578199999999,172.00010320006177,2
beethoven,String Quartet n16 op135 3mov.mid,368.7338735937501,58.00001450000359,4
beethoven,Lieder op48 n4 ''Die Ehre Gottes Aus Der Natur''.mid,124.28101674999999,84.80147437241514,3
beethoven,"Piano Concerto No5,Mov.1.mid",1129.310826366666,233.60793190332268,18
beethoven,"Sonata, Opus.111 C minor No.1.mid",504.07921606666696,213.24753320806775,1
beethoven,Piano Concerto n1 op15 1mov.mid,888.2074670000003,236.93512022275448,15
beethoven,"Sieben Bagatellen, in F Major, Opus.33, No.3.mid",99.575658,166.1872165469288,2
beethoven,Sketch for Piano Allegretto.mid,66.4044645,175.17468200321017,2
beethoven,Anh06 Rondo.mid,336.8752695,281.7091763420629,2
beethoven,Lieder op99 ''Der Mann Von Wort''.mid,115.94597300000001,133.1999689200073,3
beethoven,Overture ''Corolian'' op62.mid,462.61565420000176,199.59419110848535,18
beethoven,WoO055 Prelude.mid,247.70975189374994,144.25599566767536,3
beethoven,Sonatina WoO050.mid,249.96434096041642,229.4555542899088,5
beethoven,"Sieben Bagatellen, in C Major, Opus.33, No.5.mid",143.08333333333331,193.57833655705974,2
beethoven,32 Variations on a theme.mid,618.9428055749989,195.84794803796157,3
beethoven,Overture ''Creatures Of Prometeus'' op43.mid,287.92274299999997,151.74231949978665,12
beethoven,"Rondo Opus.51, No.1.mid",228.70089,243.48396557544862,2
beethoven,Sketch for Piano Allegro Giocoso.mid,21.86867756666667,182.62876623258876,2
beethoven,WoO082 Menuet.mid,253.777524,191.7365489300287,2
beethoven,Overture ''Egmont''.mid,486.663472325,181.31278547668006,15
beethoven,Bagatella Fur Elise.mid,131.09667836666665,204.42063411085428,1
beethoven,"Piano Sonata No 28 in B flat -Hammerklavier- Op.106, 2nd Mov Scherzo.mid",150.84936554166683,210.81892350565604,2
beethoven,"Sonata, Opus.111 C minor No.2.mid",666.5618751166667,180.000045000011,1
beethoven,WoO061a Mouvement Pour Piano.mid,30.967019616666672,115.7894833333342,2
beethoven,String Quartet n2 op18 n2 1mov.mid,393.08803875000007,185.5136062703156,4
beethoven,Overture ''Fidelio'' op72b.mid,365.0780024166658,203.46342458202844,19
beethoven,Piano Sonata No.27.mid,91.58800000000001,208.4327541195295,1
beethoven,Seven Inversions of God Save the King.mid,448.44233144166657,229.0860140171288,4
beethoven,Overture ''Leonore'' op138 n1.mid,581.1668133333329,219.16037179942475,21
beethoven,Piano Concerto n3 op37 2mov.mid,313.1526756166668,174.08956964776243,14
beethoven,op119 Douze Bagatellas.mid,831.5000899687496,188.7990591582521,5
beethoven,Sonata Opus.81a -Les Adieux- E flat No.1.mid,376.3572292499999,204.80333065721157,1
beethoven,Piano Concerto n1 op15 2mov.mid,482.48896599999995,203.88190515217806,14
chopin,Prelude n03 op28 ''Thou Art So Like A Flower''.mid,51.137707216666605,161.4776457964483,2
chopin,Nocturne op33 n4.mid,317.0493915,175.1306997043986,2
chopin,Etude op25 n05.mid,181.44923567708318,226.92227722509048,1
chopin,"Etude Op 25, No.1.mid",271.3247596166667,179.96103414404863,2
chopin,"19 Polish Songs, for Solo Voice and Piano accomplements, No.10.mid",107.9158686375,187.90482286552216,2
chopin,Prelude n14 op28 ''Fear''.mid,28.331688375000002,244.27037337183233,2
chopin,"Sonata No.3, 2nd Mov, Scherzo.mid",153.49345994166666,215.018226508987,1
chopin,Prelude n22 op28 ''Impatience''.mid,41.41059018958332,200.2931200377751,2
chopin,"19 Polish Songs, for Solo Voice and Piano accomplements, No.19.mid",38.3699519,125.01323056690164,2
chopin,Nocturne op27 n2.mid,310.5414514749995,193.5784841278917,2
chopin,Mazurka op33 n2 Drchew.mid,131.9493085,206.22374453535502,1
chopin,Barcarolle in F sharp Major.mid,578.2708333333333,210.6641000962339,1
chopin,Etude op25 n01 ''Harp Etude''.mid,125.7770738916666,258.15950239390787,3
chopin,Finale to B Minor Paino Sonata.mid,366.45416666666665,198.42519685039343,1
chopin,Prelude n20 op28 ''Funeral March''.mid,86.39414090208334,52.360523673305416,2
chopin,Grande Waltz op18.mid,308.9012434833341,222.85168625991054,2
chopin,Waltz op64 n1.mid,108.1621427,246.84713982139687,2
chopin,Etude op25 n11 ''Winter Wind''.mid,186.97815062083316,190.83620061520844,2
chopin,Prelude n07 op28 ''The Polish Dance''.mid,36.945600549999995,102.35565134338589,2
chopin,"19 Polish Songs, for Solo Voice and Piano accomplements, No.2.mid",113.35897920000004,180.4225873507877,2
chopin,Fantasie Impromptu op66.mid,274.4301456083331,213.05406651461925,2
chopin,Nocturne op37 n2.mid,395.2457249791663,142.07633176923264,2
chopin,Prelude n02 op28 ''Presentiment of Death''.mid,121.5774855833333,108.40853991907599,2
chopin,"19 Polish Songs, for Solo Voice and Piano accomplements, No.3.mid",188.45195594999996,114.97171321740537,2
chopin,Scherzo n1 op20.mid,477.21016950000023,177.78972766426483,1
chopin,"19 Polish Songs, for Solo Voice and Piano accomplements, No.9.mid",123.89744235,117.78544950945742,2
chopin,"19 Polish Songs, for Solo Voice and Piano accomplements, No.12.mid",122.06188595000002,142.2181225564091,2
chopin,Op.53 'Polonaise in A flat' Heroic.mid,385.05854895833323,212.99137710958232,1
chopin,Mazurka op7 n1.mid,136.05908424999998,220.74214274857783,2
chopin,Prelude n21 op28 ''Sunday''.mid,102.42700159999991,204.48690688998707,2
chopin,Etude op25 n12 ''The Ocean''.mid,136.3458653833336,195.79684921863765,2
chopin,Etude op10 n03.mid,204.8,189.00248687482647,1
chopin,Nocturne op32 n2.mid,348.28712266666685,201.07897956420848,2
chopin,Nocturne op15 n3.mid,206.34312387500026,152.25944363245748,2
chopin,Nocturne op33 n2.mid,140.45317530833336,196.9599114566729,2
chopin,Prelude n04 op28 ''Suffocation''.mid,103.44011245416664,130.90967742411547,2
chopin,Etude op25 n09.mid,51.599459583007814,239.62507406898266,2
chopin,Prelude n10 op28 ''The Night Moth''.mid,23.305819958333334,208.00562675613074,2
chopin,Prelude n13 op28 ''Loss''.mid,152.9853881229168,184.12843964552127,2
chopin,"Scherzo No.2, Opus.31.mid",496.3788273333333,202.51130085385438,1
chopin,Piano Concerto n1 op11 1mov.mid,1352.7416666666666,213.69608904003005,20
chopin,Ballad op53.mid,356.2618542979149,198.75130381647418,2
chopin,Prelude n23 op28 ''A Pleasure Boat''.mid,51.07819775208335,218.33905123365224,2
chopin,Nocturne op09 n2.mid,240.63708943750018,176.42808944043347,2
chopin,"19 Polish Songs, for Solo Voice and Piano accomplements, No.7.mid",114.02173314999999,180.4916126415356,2
chopin,"(2542)Prelude opus.28, No.16 in B flat minor.mid",63.999936,180.0852133684428,1
chopin,2 Polonaises op26 n1.mid,424.09984674166714,179.79064148902975,4
chopin,Mazurka op68 n2 Drchew.mid,75.87211156666666,206.27979620931268,1
chopin,Piano Concerto n1 op11 3mov.mid,721.618,210.54742330058264,19
chopin,Etude op10 n12 ''Revolutionary''.mid,138.7661820708333,238.42557544977112,2
chopin,"19 Polish Songs, for Solo Voice and Piano accomplements, No.14.mid",93.54021355,137.54378477148558,2
chopin,"19 Polish Songs, for Solo Voice and Piano accomplements, No.4.mid",123.46867695,194.26182083179768,2
chopin,Prelude n17 op28 ''Scene On the Place of Notre Dame.mid,160.21754930833328,211.3439110034198,2
chopin,Prelude n06 op28 ''Tolling Bells''.mid,92.37981863749995,127.77631558367318,2
chopin,Etude op. 10-5 Black keys.mid,92.72734999999999,165.1505473060509,3
chopin,"Waltz in Ab (Op.posth., Brown21).mid",165.625,192.0,2
chopin,Etude op25 n03.mid,104.07196486666632,239.8512519906525,2
chopin,Etude op25 n08.mid,63.144630208333325,222.6459976372211,1
chopin,Etude op25 n04.mid,90.8495675729167,181.01592202777934,2
chopin,Impromptu n3 op51.mid,324.74928296666667,212.83210653191523,1
chopin,Imprompt Fantastique.mid,290.0,218.04966686855923,1
chopin,Winter wind etude.mid,228.9655400625,195.68629438419265,1
chopin,"19 Polish Songs, for Solo Voice and Piano accomplements, No.13.mid",241.84786995624998,92.57725630971322,2
chopin,Prelude n18 op28 ''Suicide''.mid,47.20819143333334,220.66991076497777,2
chopin,Nocturne op72 n1.mid,278.5912110000005,179.39698650381334,2
chopin,Prelude n11 op28 ''Dragonfly''.mid,30.277398875,178.286313178864,2
chopin,Etude op10 n02.mid,84.39149409166664,236.58949305798544,1
chopin,Etude No.1.mid,111.09796582499999,181.7902835803851,1
chopin,Etude op25 n06.mid,171.506237140625,199.40903917942057,4
chopin,Piano Concerto n2 3mov.mid,533.869652559896,224.5237540612126,19
chopin,Sonata op35 n1 .mid,392.31632714583293,199.6119253462401,2
chopin,Prelude n24 op28 ''The Storm''.mid,122.7192547312499,227.9270263758163,2
chopin,Etude op10 n01.mid,110.46803733333331,172.18963274758949,2
chopin,Ballad op32.mid,539.7967712250013,182.88342767483434,2
chopin,Waltz op70 n2.mid,146.32707533333317,168.7333692172965,2
chopin,"19 Polish Songs, for Solo Voice and Piano accomplements, No.17.mid",222.48792081458333,187.2350321595687,2
chopin,"19 Polish Songs, for Solo Voice and Piano accomplements, No.6.mid",168.27607874999998,144.0090437679484,2
chopin,Etude op10 n07.mid,84.04549560000005,274.15879907537203,1
chopin,"19 Polish Songs, for Solo Voice and Piano accomplements, No.5.mid",48.916922375,216.01343603572118,2
chopin,Revolutionary.mid,189.58306033333332,210.7147861879132,2
chopin,"Polonaise Opus.40, No.1 (Military).mid",273.2,193.82765531062134,2
chopin,Sonata op35 n4 .mid,83.30156417916653,167.06199646094538,2
chopin,Prelude op.28-15 Raindrop.mid,231.12438320833422,189.2908269361321,2
chopin,Nocturne op48 n2.mid,444.91911097916716,191.28699848731983,2
chopin,Piano Concerto n2 2mov.mid,436.1189851979167,206.68334225484202,10
chopin,Mazurka op7 n2.mid,159.62923229166688,174.41697090046628,2
chopin,Nocturne op55 n1.mid,297.50889343749975,195.64768192583847,2
chopin,Etude op10 n11.mid,144.23596980833338,238.13391784732502,1
chopin,Etude op25 n10.mid,228.77922344270834,194.80116473040724,2
chopin,"19 Polish Songs, for Solo Voice and Piano accomplements, No.11.mid",58.035705399999976,184.49851478695606,2
chopin,Ballade No.2 in F Major.mid,393.4986149541666,230.25164365811412,1
chopin,Nocturne op62 n2.mid,356.89947225000014,191.18602030438947,2
chopin,Nocturne op27 n1.mid,289.68246695833295,190.95979951782226,2
chopin,Sonata No.3 1st Mov Allegro.mid,489.42887696874993,208.6956127692509,1
chopin,"Nocturne No.1, Opus.62.mid",348.28568131249995,219.49770693489108,1
chopin,Etude op10 n09.mid,137.6173255333332,195.78947368421066,1
chopin,Nocturne No.15 in F Minor Opus.55 -1.mid,297.50889343749975,195.64768192583847,2
chopin,"19 Polish Songs, for Solo Voice and Piano accomplements, No.15.mid",117.07390760000001,185.73150489771263,2
chopin,Prelude n15 op28 ''Raindrop''.mid,273.88155272291584,165.6896896194853,2
chopin,Prelude n12 op28 ''Duel''.mid,56.76237979374998,248.18899379653848,2
chopin,Nocturne op15 n2.mid,220.7452279583333,154.00183839694552,2
chopin,Etude Op.10 No.11.mid,141.76,212.514757969302,1
chopin,Prelude n09 op28 ''Vision''.mid,88.77313495833334,138.8538056249423,3
chopin,Etude op25 n07.mid,319.0202371979167,153.6495857563778,3
chopin,Mazurka op30 n2 Drchew.mid,65.44292110833332,222.8955634324477,1
chopin,Mazurka op67 n3 Drchew.mid,66.897559725,186.7309442988672,1
chopin,Etude op10 n06.mid,189.0329076583334,208.97190928594466,1
chopin,"Etude No.7 in C Major Opus.10, No.7.mid",84.04549560000005,274.15879907537203,1
chopin,Scherzo op31.mid,514.0550330562506,194.94434435552148,2
chopin,Sonata op35 n2 .mid,390.4945085666662,165.7714870692013,3
chopin,"19 Polish Songs, for Solo Voice and Piano accomplements, No.8.mid",168.12283875000008,152.02505372885454,2
chopin,Prelude n01 op28 ''Reunion''.mid,30.717675408333356,221.91693751354066,2
chopin,Ecossaise No.2 in G.mid,31.870833333333334,224.70741222366698,1
chopin,Nocturne op55 n2.mid,322.8646013541672,183.33760265442496,2
chopin,Prelude n05 op28 ''Uncertainty''.mid,30.475296833333346,231.0622947111164,2
chopin,Nocturne op48 n1.mid,376.98268381250006,195.67539447213375,2
chopin,Trois Nouvelles Etudes (Op.posth.).mid,401.36171097916645,277.6946278679083,5
chopin,Tarantella.mid,215.41397142708334,230.2816340641868,1
chopin,Nocturne op09 n3.mid,396.4306616041683,200.7415800393639,2
chopin,Piano Concerto n2 1mov.mid,812.7364735,218.81116153890977,16
chopin,Etude op25 n02.mid,98.85757720833337,165.15521158130923,2
chopin,"19 Polish Songs, for Solo Voice and Piano accomplements, No.18.mid",195.54924715,153.40096093831684,2
chopin,Prelude n16 op28 ''Hades''.mid,61.144569677083354,190.52169947212613,2
chopin,Nocturne No.18 in E Major Op62.mid,356.89947225000014,191.18602030438947,2
chopin,Prelude n08 op28 ''Desparation''.mid,88.65112336666672,207.11823331997908,3
chopin,Nocturne op37 01.mid,382.8302008125004,120.4522014035671,2
chopin,Etude op10 n10.mid,132.1227633,231.28466174677436,1
chopin,Etude op10 n08.mid,135.5775770333333,181.4094177101082,1
chopin,Prelude n19 op28.mid,67.11325790833337,243.6133228551231,2
chopin,Nocturne op32 n1.mid,309.04410262499994,165.481888558479,2
chopin,Sonata op35 n3 .mid,445.73828275833273,134.76779862948243,2
chopin,Etude op10 n05 ''Black Key''.mid,91.37545415208335,170.30983059591074,2
chopin,Etude No.2 in A Minor.mid,84.39149409166664,236.58949305798544,1
chopin,Etude op10 n04 Drchew.mid,155.39143321666668,246.0202598363589,1
chopin,Piano Concerto n1 op11 2mov.mid,664.5,199.30795847751693,10
chopin,"19 Polish Songs, for Solo Voice and Piano accomplements, No.16.mid",151.54813035000006,147.95102397515413,2
mozart,K495 Horn Concerto n4 2mov.mid,243.541423125,140.11187195544727,8
mozart,K495 Horn Concerto n4 1mov.mid,404.0326341666667,218.73662389597658,8
mozart,K626 Requiem kyrie.mid,143.93350633333336,225.9979529170973,13
mozart,Viennese Sonatinas K439b n2 3mov.mid,174.83333333333331,117.89473684210527,2
mozart,Viennese Sonatinas K439b n2 1mov.mid,132.2258293125,225.16527370896304,2
mozart,Viennese Sonatinas K439b n6 1mov.mid,321.4996785,216.47080470609907,2
mozart,K626 Requiem 12 agnus dei.mid,410.38006600000006,216.56974795058338,17
mozart,K525 Serenade 1mov ''Eine Kleine Natchmusik''.mid,343.1054874000001,243.1526088151462,10
mozart,K622 Clarinet Concerto 2mov.mid,355.72916666666663,133.21299638989194,5
mozart,K626 Requiem 09 hostias.mid,265.89216,130.52221887563235,15
mozart,K626 Requiem 04 Dies Irae.mid,111.08307227083333,202.81690140845086,13
mozart,K626 Requiem 06 confutatis.mid,151.05642200000003,259.99997833333515,17
mozart,K339 Vesperae solemnes de confessore (Vespers) 1mov Dixit Dominus.mid,183.6875,158.5585585585586,7
mozart,Rondo in C.mid,327.9408419416666,201.20636882340455,2
mozart,K398 Piano Variations ''Salve Tu Domine''.mid,416.792376,214.0553041942347,2
mozart,K317 Coronation Mass 3mov.mid,422.786261625,185.23774460489327,10
mozart,K136 Divertimento 3mov.mid,169.2293221250001,273.6555632112204,10
mozart,K393 Solfeggi n2.mid,134.48871765625,149.7674218914755,2
mozart,K626 Requiem 05 Recordare.mid,361.846184,159.24998672916772,13
mozart,K299 Flute Harp Concerto 2mov.mid,452.45787257291664,181.18309859154937,7
mozart,K335 Laudate Dominus.mid,204.78284131666678,251.81046905919914,11
mozart,K495 Horn Concerto n4 3mov.mid,191.49151576041672,195.78566359455496,10
mozart,K525 Serenade 2mov ''Eine Kleine Natchmusik''.mid,347.8668915,214.4557741477807,10
mozart,K314 Flute Concerto n2 1mov.mid,470.11730597916664,230.68925679950334,10
mozart,K626 Requiem 11 Benedictus.mid,287.8979166666667,165.55555555555569,18
mozart,"A piece for Piano,K.176.mid",116.26328000000001,216.12149532710285,3
mozart,K04 Minuet in F.mid,82.5255166,185.9998605001047,2
mozart,K608 Fantasia for Mechanical Organ.mid,534.5457319999999,225.14184334931565,2
mozart,K546 Adagio & Fugue for Strings.mid,506.4164077500048,235.55377551291858,5
mozart,K626 Requiem 10 Sanctus.mid,88.99791666666667,231.8644067796611,17
mozart,K314 Flute Concerto n2 2mov.mid,421.58360034375,141.875,10
mozart,K117 Offertorio Jubilate Deo.mid,252.91771309166663,181.9999059667157,6
mozart,K317 Coronation Mass 4mov.mid,93.82237190833334,162.57165759354908,6
mozart,Viennese Sonatinas K439b n6 2mov.mid,191.41666666666666,154.48275862068962,2
mozart,K501 Andante with 5 Variations for Piano Duet.mid,394.5205643416666,177.25847741801007,2
mozart,K05 Minuet for Harpsichord.mid,63.614897,205.3571428571429,2
mozart,Sonatina n3 1mov.mid,142.99985700000002,183.27291054563784,2
mozart,K317 Coronation Mass 2mov.mid,335.15581678333336,218.89852112646534,10
mozart,K136 Divertimento 1mov.mid,265.31570075,248.0226166065263,16
mozart,Viennese Sonatinas K439b n2 4mov.mid,211.64264550000001,257.2903336262112,2
mozart,K525 Serenade 3mov ''Eine Kleine Natchmusik''.mid,133.22247199999998,220.44773530040163,10
mozart,K525 Serenade 4mov ''Eine Kleine Natchmusik''.mid,237.01274920000006,238.55831622202578,10
mozart,K618 Ave Verum Corpus.mid,164.8510659729167,68.00007253341069,1
mozart,Fantasia in C K.475.mid,728.0,183.34217506631373,1
mozart,K626 Requiem 01 Introitus & Kyrie.mid,353.19009,217.36509334717033,18
mozart,K354 Piano Variations ''Je Suis Lindor''.mid,896.5214770000002,230.44923598756674,4
mozart,Rondo.mid,444.58288875,178.77234794015135,2
mozart,K626 Requiem 07 Lacrimosa.mid,171.692322,129.99998916666758,17
mozart,K622 Clarinet Concerto 3mov.mid,530.352777425,223.7456807187282,5
mozart,Sonatina n22 4mov.mid,150.454395,173.64723247076145,2
mozart,K314 Flute Concerto n2 3mov.mid,335.4829261093754,232.09952072905153,10
mozart,K299 Flute Harp Concerto 1mov.mid,555.36159240625,238.64507799376406,15
mozart,Adagio in B flat.mid,716.5054841291656,150.0378519524091,2
mozart,K626 Requiem 02 rextremendae.mid,104.39,159.99999999999898,17
mozart,Sonatina n3 2mov.mid,225.727047,165.2600077796929,2
mozart,K622 Clarinet Concerto 1mov.mid,722.0291666666667,224.4565565886503,5
mozart,Contradance n1.mid,34.904510550000005,201.3561335595234,2
mozart,Vesperae solemnes de confessore ''Vespers'' K339 1 Dixit Dominus.mid,213.788102,265.0009597370429,15
mozart,Contradance n3.mid,161.23947185000006,179.99999999999997,2
mozart,Sonatina n3 3mov.mid,146.461392,250.30109265969662,2
mozart,K299 Flute Harp Concerto 3mov.mid,626.3713658333332,154.59136471174003,14
mozart,K401 Fuga in G minor .mid,210.00833333333333,227.4527252502778,2
mozart,K573 9 Variations for Piano Uber Duport.mid,809.7587429062506,219.2606498211752,5
mozart,K317 Coronation Mass 6mov.mid,247.04357308333329,194.3171701347948,10
mozart,K527 Overture ''Don Giovanni''.mid,365.92704200000003,244.73169975177706,12
mozart,K393 Solfeggi n5.mid,207.6815581041667,164.62126449683268,2
mozart,Contradance n2.mid,59.25695034999999,198.88908777797647,2
mozart,K620 Overture The Magic Flute.mid,139.3278675,175.9904351227053,12
mozart,K361 Serenade n10 3mov.mid,337.77052098750005,162.26807497326118,10
mozart,K393 Solfeggi n1.mid,199.97499843749998,247.9667113813463,2
mozart,K191 Bassoon Concerto 2mov.mid,334.24137698750036,163.2442916192158,9
mozart,K594 Adagio & Allegro for Mechanical Organ.mid,594.8,185.66782516800785,2
mozart,K626 Requiem 08 offertorio domine jesu.mid,252.8,177.77777777777817,15
mozart,K617 Adagio.mid,192.00360342916667,128.59257116049756,2
mozart,K492 Overture ''Le Nozze di Figaro''.mid,304.21888220833335,229.67031630094232,8
mozart,"Fantasia in D, K397.mid",322.0,185.06024096385534,1
mozart,K03 Allegro in Bb.mid,60.3375,214.73684210526315,2
mozart,K393 Solfeggi n4.mid,81.89583333333333,240.0,1
mozart,K393 Solfeggi n3.mid,182.0414863645833,248.62756469518035,2
mozart,K626 Requiem 03 tuba mirum.mid,234.83053799999996,120.48792536597416,12
mozart,"Another piece for Piano,K.176.mid",128.892212,244.010562061653,3
mozart,K136 Divertimento 2mov.mid,267.2915693333333,153.76742370351909,10
mozart,K427 Great Mass 1mov.mid,388.0196965,150.90909090909096,19
mozart,K191 Bassoon Concerto 1mov.mid,426.6535067979178,228.66765689563664,9
mozart,K02 Minuet in F.mid,56.025918000000004,155.83348916682246,2
mozart,Sonatina n21 3mov.mid,132.2258293125,225.16527370896304,2
mozart,K191 Bassoon Concerto 3mov.mid,268.5388548229168,213.256802014562,9
mozart,Viennese Sonatinas K439b n2 2mov.mid,150.454395,173.64723247076145,2
mozart,K317 Coronation Mass 5mov.mid,139.19493313333334,179.999910000045,10
mozart,K317 Coronation Mass 1mov.mid,324.0,209.8360655737697,8
